{
  "format_version": "1.21.80",
  "minecraft:lighting_settings": {
    "description": {
      "identifier": "Prizma:default_lightning"
    },
    "directional_lights": {
      "orbital": {
        "sun": {
          "illuminance": {
            "0.007681": 50,
            "0.521268": 3,
            "0.989678": 5
          },
          "color": {
            "0": [
              244,
              215,
              160
            ],
            "0.2": [
              116,
              88,
              53
            ],
            "0.27": [
              102,
              50,
              41
            ],
            "0.300353": [
              170,
              104,
              54
            ],
            "0.669091": [
              45,
              64,
              89
            ],
            "0.74": [
              46,
              46,
              55
            ],
            "0.889835": [
              193,
              152,
              119
            ],
            "0.99": [
              247,
              177,
              122
            ]
          }
        },
        "moon": {
          "illuminance": {
            "0.544763": 1,
            "0.728336": 0,
            "0.994332": 0.20000000298023224
          },
          "color": {
            "0.304829": [
              35,
              63,
              94
            ],
            "0.502966": [
              22,
              64,
              112
            ],
            "0.703542": [
              49,
              61,
              76
            ]
          }
        },
        "orbital_offset_degrees": {
          "0.000000": 0,
          "0.990000": 0
        }
      },
      "flash": {
        "color": [
          255,
          255,
          255
        ],
        "illuminance": 1
      }
    },
    "emissive": {
      "desaturation": 0.10000000149011612
    },
    "ambient": {
      "color": [
        150,
        130,
        130
      ],
      "illuminance": 0.019999999552965164
    },
    "sky": {
      "intensity": 0.2818000018596649
    }
  }
}