{
  "format_version": "1.21.40",
  "minecraft:atmosphere_settings": {
    "description": {
      "identifier": "Prizma:default_atmospherics"
    },
    "sky_zenith_color": {
      "0.260260": [
        241,
        232,
        223
      ],
      "0.000000": [
        138,
        190,
        251
      ],
      "0.342724": [
        73,
        106,
        166
      ],
      "0.655526": [
        11,
        18,
        34
      ],
      "0.747039": [
        89,
        107,
        140
      ]
    },
    "sky_horizon_color": {
      "0.002447": [
        230,
        237,
        242
      ],
      "0.228152": [
        242,
        170,
        84
      ],
      "0.287097": [
        243,
        124,
        156
      ],
      "0.698034": [
        170,
        87,
        64
      ],
      "0.918402": [
        108,
        122,
        129
      ]
    },
    "rayleigh_strength": {
      "0.952260": 7.111111164093018,
      "0.741420": 5.9259257316589355,
      "0.025056": 2.5185184478759766,
      "0.233623": 3.3333332538604736,
      "0.205891": 2,
      "0.310785": 0.2222222238779068,
      "0.654890": 4.296296119689941
    },
    "sun_mie_strength": {
      "0.992188": 0.8999999761581421,
      "0.012154": 0,
      "0.201856": 48.62221908569336,
      "0.319538": 0.7111111283302307,
      "0.752513": 1.1555556058883667,
      "0.656738": 0,
      "0.500000": 0.15000000596046448
    },
    "moon_mie_strength": {
      "0.535310": 19.674074172973633,
      "0.393734": 19.348148345947266,
      "0.250000": 0,
      "0.011456": 0,
      "0.300000": 0,
      "0.350583": 4.118518829345703,
      "0.553457": 0,
      "0.824124": 0
    },
    "sun_glare_shape": {
      "0.007813": 18.592592239379883,
      "0.662361": 15.259259223937988,
      "0.199362": 8.222220420837402,
      "0.633021": 15.259259223937988,
      "0.310753": 22.1212215423584,
      "0.394261": 23.77777862548828,
      "0.451840": 22.807350158691406,
      "0.850694": 4.592592716217041
    },
    "horizon_blend_stops": {
      "min": {
        "0.750000": 0,
        "0.000000": 0.14000000059604645,
        "0.176178": 0.014814815483987331,
        "0.350000": 0,
        "1.000000": 0.14000000059604645,
        "0.650000": 0,
        "0.500000": 0
      },
      "start": {
        "0.750000": 0.20999999344348907,
        "0.000000": 0.2800000011920929,
        "0.463756": 0.9896296262741089,
        "0.328583": 0.9392592310905457,
        "0.235960": 0.563703715801239,
        "1.000000": 0.2800000011920929,
        "0.650000": 0
      },
      "mie_start": {
        "0.657018": 0,
        "0.010527": 1.175111174583435,
        "0.190351": 0.9373332858085632,
        "0.554386": 0.017777778208255768,
        "0.407895": 0.023555496707558632,
        "0.785088": 0,
        "0.977193": 1.2000000476837158
      },
      "max": {
        "0.750000": 0.1899999976158142,
        "0.000000": 0.18000000715255737,
        "0.250000": 0,
        "0.644565": 0.8970370292663574,
        "0.350000": 0.8999999761581421,
        "1.000000": 0.18000000715255737,
        "0.500000": 0.8999999761581421
      }
    }
  }
}